name,x,y
Amsterdam,23,22
Athens,52,46
Babylon,85,53
Copenhagen,34,13
Djirgalant,153,30
Gorky,85,12
Granada,13,48
Helsinki,54,1
Istanbul,62,42
London,17,23
Kiev,64,25
Krasnojarsk,156,12
Kuwait,88,59
Marrakesh,4,57
Paris,24,29
Saratov,86,23
Sebastopol,69,34
Taoudeni,9,68
Tibesti,43,70
Tunis,34,48
Turin,29,37
Abu Dhabi,100,67
Berlin,37,20
Moscow,74,13
Sparta,49,49
Taskent,123,41
Baku,92,43
Gdansk,47,15
In Salah,24,60
Omsk,130,14
New Peking,148,40
Ruhr,30,20
Rum,6,11
Bhopal,132,68
Casablanca,4,53
Temir Tan,126,25
Louxor,68,65
Serov,107,3
Bayreuth,36,24
Delhi,134,59
Kanosa,76,1
Machad,106,49
Mont Saint-Michael,12,29
Rome,36,41
